id:int,name:string,facebook_likes:int
1,Aaron Hann,0
2,Aaron Schneider,11
3,Aaron Seltzer,64
4,Abel Ferrara,220
5,Adam Brooks,20
6,Adam Carolla,102
7,Adam Goldberg,1000
8,Adam Green,134
9,Adam Jay Epstein,0
10,Adam Marcus,18
11,Adam McKay,285
12,Adam Rapp,9
13,Adam Rifkin,89
14,Adam Shankman,163
15,Adrian Lyne,213
16,Adrienne Shelly,191
17,Agnieszka Holland,238
18,Agnieszka Wojtowicz-Vosloo,0
19,Agustín Díaz Yanes,13
20,Aki Kaurismäki,592
21,Akira Kurosawa,0
22,Akiva Goldsman,167
23,Akiva Schaffer,82
24,Alain Resnais,752
25,Alan Alda,0
26,Alan Cohn,0
27,Alan Jacobs,2
28,Alan J. Pakula,79
29,Alan Metter,3
30,Alan Parker,317
31,Alan Poul,16
32,Alan Rudolph,18
33,Alan Shapiro,0
34,Alan Taylor,230
35,Alan Yuen,0
36,Albert Brooks,745
37,Albert Hughes,117
38,Alec Asten,5
39,Alejandro Agresti,18
40,Alejandro Amenábar,448
41,Alejandro G. Iñárritu,0
42,Alejandro Monteverde,38
43,Aleksandr Veledinskiy,0
44,Aleksey German,23
45,Alessandro Carloni,5
46,Alexander Payne,729
47,Alexander Witt,38
48,Alexandre Aja,192
49,Alex Cox,92
50,Alex Craig Mann,38
51,Álex de la Iglesia,275
52,Alex Garland,232
53,Alex Gibney,141
54,Alex Kendrick,589
55,Alex Proyas,295
56,Alex Ranarivelo,20
57,Alex Rivera,8
58,Alex Smith,12
59,Alex van Warmerdam,53
60,Alex Zamm,43
61,Alfonso Cuarón,0
62,Al Franklin,0
63,Alfred Hitchcock,13000
64,Alice Wu,13
65,Alison Maclean,7
66,Alister Grierson,24
67,Allan Arkush,13
68,Allan Dwan,23
69,Allen Coulter,47
70,Allen Hughes,90
71,Allison Anders,99
72,Allison Burnett,12
73,Al Silliman Jr.,0
74,Amal Al-Agroobi,58
75,Amanda Gusack,0
76,Amat Escalante,50
77,Amy Heckerling,143
78,Amy Holden Jones,11
79,Analeine Cal y Mayor,4
80,Anand Tucker,14
81,Andrea Arnold,121
82,Andrea Di Stefano,30
83,Andrei Tarkovsky,0
84,André Øvredal,12
85,Andrés Couturier,0
86,Andrés Muschietti,127
87,André Téchiné,25
88,Andrew Adamson,80
89,Andrew Berends,0
90,Andrew Bergman,31
91,Andrew Bujalski,26
92,Andrew Currie,8
93,Andrew Davis,99
94,Andrew Dominik,181
95,Andrew Douglas,15
96,Andrew Erwin,10
97,Andrew Fleming,26
98,Andrew Haigh,131
99,Andrew Hyatt,7
100,Andrew Jarecki,46
101,Andrew Leman,2
102,Andrew Morahan,5
103,Andrew Niccol,487
104,Andrew Stanton,475
105,Andrew Steggall,0
106,Andrew Traucki,10
107,Andrew Wilson,387
108,Andrey Konchalovskiy,96
109,Andrey Zvyagintsev,445
110,Andrucha Waddington,6
111,Andrzej Bartkowiak,43
112,Andy Cadiff,3
113,Andy Fickman,99
114,Andy Garcia,0
115,Andy Tennant,72
116,Angela Robinson,23
117,Angelina Jolie Pitt,11000
118,Angelo Pizzo,14
119,Ang Lee,0
120,Annabel Jankel,5
121,Anna Boden,16
122,Anna Mastro,7
123,Anna Muylaert,9
124,Anne Fletcher,98
125,Anne Fontaine,105
126,Anthony Bell,0
127,Anthony C. Ferrante,48
128,Anthony Hemingway,143
129,Anthony Hickox,16
130,Anthony Mann,75
131,Anthony Minghella,333
132,Anthony O'Brien,7
133,Anthony Powell,9
134,Anthony Russo,94
135,Anthony Silverston,0
136,Anthony Vallone,2
137,Antoine Fuqua,845
138,Anton Corbijn,210
139,Antonia Bird,61
140,Antonio Banderas,0
141,Antonio Simoncini,0
142,Antony Hoffman,14
143,Anurag Basu,116
144,A. Raven Cruz,0
145,Ariel Vromen,34
146,Arie Posin,3
147,Ari Folman,56
148,Ari Kirschenbaum,0
149,Ari Sandel,17
150,Arjun Sablok,0
151,Arthur Hiller,71
152,Asger Leth,20
153,Asghar Farhadi,0
154,Ash Baron-Cohen,3
155,Ash Brannon,9
156,Ashish R. Mohan,2
157,Atom Egoyan,460
158,Audrey Wells,22
159,Ava DuVernay,151
160,Avi Nesher,6
161,Ayan Mukerji,0
162,Babak Najafi,24
163,Babar Ahmed,0
164,Baltasar Kormákur,175
165,Barbet Schroeder,58
166,Barbra Streisand,0
167,Barrett Esposito,0
168,Barry Cook,43
169,Barry Levinson,272
170,Barry Skolnick,0
171,Barry Sonnenfeld,188
172,Barry W. Blaustein,6
173,Bart Freundlich,38
174,Baz Luhrmann,1000
175,Becky Smith,32
176,Beeban Kidron,17
177,Ben Affleck,0
178,Benedek Fliegauf,28
179,Benedikt Erlingsson,4
180,Ben Falcone,265
181,Benh Zeitlin,188
182,Benjamin Dickinson,4
183,Benjamin Roberds,0
184,Ben Lewin,20
185,Bennett Miller,152
186,Benni Diez,2
187,Benny Boom,23
188,Benson Lee,9
189,Ben Stassen,4
190,Ben Stiller,0
191,Ben Wheatley,214
192,Ben Younger,46
193,Bernardo Bertolucci,973
194,Beto Gómez,5
195,Betty Thomas,84
196,Bibo Bergeron,10
197,Bigas Luna,163
198,Bill Benenson,0
199,Bill Condon,386
200,Bill Duke,1000
201,Bille August,55
202,Bille Woodruff,23
203,Bill Melendez,36
204,Bill Muir,19
205,Bill Paxton,0
206,Bill Plympton,45
207,Billy Bob Thornton,0
208,Billy Kent,0
209,Billy Ray,53
210,Billy Wilder,0
211,Blair Erickson,0
212,Blair Hayes,2
213,Blake Edwards,688
214,Blaz Zavrsnik,0
215,Boaz Yakin,132
216,Bobby Farrelly,101
217,Bobby Roth,40
218,Bobcat Goldthwait,800
219,Bob Clark,84
220,Bob Dolman,7
221,Bob Fosse,189
222,Bob Giraldi,34
223,Bob Gosse,10
224,Bob Odenkirk,0
225,Bob Rafelson,30
226,Bob Saget,799
227,Bob Spiers,14
228,Bonnie Hunt,597
229,Boris Rodriguez,5
230,Bo Welch,34
231,Bo Zenga,10
232,Brad Anderson,122
233,Brad Bird,663
234,Brad Copeland,8
235,Brad Furman,65
236,Brad J. Silverman,11
237,Bradley Parker,18
238,Bradley Rust Gray,2
239,Brad Peyton,62
240,Brad Silberling,52
241,Brandon Camp,7
242,Brandon Cronenberg,43
243,Brandon Landers,8
244,Brandon Trost,32
245,Breck Eisner,42
246,Brenda Chapman,59
247,Brendan Malloy,2
248,Brenton Spencer,0
249,Brett Leonard,32
250,Brett Piper,7
251,Brett Ratner,420
252,Brian A Miller,32
253,Brian Baugh,3
254,Brian Caunter,0
255,Brian Dannelly,12
256,Brian De Palma,0
257,Brian Dorton,171
258,Brian Gibson,13
259,Brian Helgeland,241
260,Brian Henson,53
261,Brian Klugman,49
262,Brian Koppelman,34
263,Brian Levant,32
264,Brian Percival,33
265,Brian Robbins,48
266,Brian Trenchard-Smith,53
267,Brian Yuzna,97
268,Britt Allcroft,2
269,Bronwen Hughes,15
270,Bruce Beresford,78
271,Bruce Campbell,0
272,Bruce Dellis,0
273,Bruce Hunt,2
274,Bruce Macdonald,103
275,Bruce Malmuth,6
276,Bruce McCulloch,54
277,Bruce McDonald,49
278,Bruce Paltrow,28
279,Bruno Barreto,9
280,Bryan Barber,16
281,Bryan Singer,0
282,Burr Steers,23
283,Byron Howard,59
284,Cal Brunker,7
285,Callie Khouri,144
286,Cameron Crowe,488
287,Camille Delamarre,11
288,Carl Franklin,73
289,Carlos Carrera,12
290,Carlos Saldanha,107
291,Carlos Saura,98
292,Carl Rinsch,47
293,Carl Theodor Dreyer,147
294,Carmen Marron,29
295,Caroline Link,11
296,Carol Reed,82
297,Carroll Ballard,19
298,Carter Smith,27
299,Cary Bell,0
300,Caryn Waechter,0
301,Cassandra Nicolaou,0
302,Catherine Gund,0
303,Catherine Hardwicke,308
304,Catherine Jelski,0
305,Catherine Owens,0
306,Cathy Malkasian,0
307,Cecil B. DeMille,309
308,Cédric Klapisch,82
309,Cedric Nicolas-Troyan,19
310,C. Fraser Press,0
311,Chad Hartigan,3
312,Chad Kapper,0
313,Chan-wook Park,0
314,Chao-Bin Su,2
315,Charles Adelman,0
316,Charles Binamé,2
317,Charles Chaplin,0
318,Charles Ferguson,117
319,Charles Herman-Wurmfeld,0
320,Charles Martin Smith,188
321,Charles Matthau,139
322,Charles Robert Carner,18
323,Charles S. Dutton,534
324,Charles Shyer,14
325,Charles Stone III,30
326,Charles T. Kanganis,18
327,Charlie Kaufman,0
328,Charlie Levi,0
329,Chatrichalerm Yukol,6
330,Cheryl Dunye,17
331,Chia-Liang Liu,32
332,Chris Atkins,2
333,Chris Buck,69
334,Chris Butler,28
335,Chris Carter,251
336,Chris Columbus,0
337,Chris D'Arienzo,7
338,Chris Eyre,149
339,Chris Gorak,21
340,Chris Kentis,9
341,Chris Koch,13
342,Chris Marker,121
343,Chris Miller,50
344,Chris Nahon,20
345,Chris Noonan,108
346,Chris Paine,2
347,Chris Roberts,38
348,Chris Robinson,49
349,Chris Rock,0
350,Chris Shadley,0
351,Chris Stokes,548
352,Christian Alvart,22
353,Christian Carion,13
354,Christian Ditter,11
355,Christian Duguay,18
356,Christian E. Christiansen,26
357,Christian Sesma,9
358,Christian Volckman,2
359,Christine Jeffs,19
360,Christophe Ali,0
361,Christophe Barratier,25
362,Christophe Gans,50
363,Christopher Barnard,0
364,Christopher Cain,58
365,Christopher Erskin,4
366,Christopher Guest,378
367,Christopher Hutson,3
368,Christopher Landon,52
369,Christopher Leitch,4
370,Christopher M. Bessette,0
371,Christopher McQuarrie,188
372,Christopher Morris,69
373,Christopher Nolan,22000
374,Christopher Scott Cherot,21
375,Christopher Smith,76
376,Christopher Spencer,25
377,Chris Wedge,77
378,Chris Weitz,129
379,Chuan Lu,14
380,Chuck Bowman,42
381,Chuck Russell,55
382,Chuck Sheetz,6
383,Ciarán Foy,11
384,C. Jay Cox,6
385,Clare Kilner,6
386,Clark Baker,0
387,Clark Gregg,0
388,Clark Johnson,69
389,Claude Chabrol,324
390,Claude Miller,27
391,Claudia Llosa,43
392,Claudia Sainte-Luce,0
393,Clay Kaytis,6
394,Clint Eastwood,16000
395,Clive Barker,385
396,Cody Cameron,18
397,Colin Higgins,19
398,Colin Minihan,6
399,Colin Strause,25
400,Colin Trevorrow,365
401,Collin Joseph Neal,14
402,Collin Schiffli,4
403,Conor McMahon,5
404,Conor McPherson,0
405,Corbin Bernsen,1000
406,Corey Grant,21
407,Corey Yuen,23
408,Cory Edwards,19
409,Costa-Gavras,333
410,Courtney Hunt,33
411,Courtney Solomon,31
412,Craig Bolotin,7
413,Craig Brewer,153
414,Craig Gillespie,44
415,Craig Johnson,7
416,Craig Mazin,82
417,Craig Moss,19
418,Craig R. Baxley,22
419,Craig Zobel,25
420,Cristian Mungiu,163
421,Curtis Hanson,161
422,Cyrus Nowrasteh,19
423,Dagur Kári,29
424,Daisy von Scherler Mayer,18
425,Damian Nieman,0
426,Damien Chazelle,141
427,Damien Dante Wayans,82
428,Damien O'Donnell,70
429,Damir Catic,2
430,Damon Santostefano,4
431,Dan Curtis,45
432,Dan Cutforth,4
433,Dan Fogelman,102
434,Dan Gilroy,66
435,Dan Harris,24
436,Daniel Algrant,3
437,Daniel Barber,12
438,Daniel Barnz,33
439,Daniel Columbie,0
440,Daniel Davila,0
441,Daniele Luchetti,6
442,Daniel Espinosa,79
443,Daniel Hsia,0
444,Daniel Lee,10
445,Daniel Mellitz,0
446,Daniel Myrick,19
447,Daniel Petrie Jr.,19
448,Daniel Sackheim,12
449,Daniel Schechter,8
450,Daniel Stamm,13
451,Daniel Taplitz,2
452,Dan Ireland,137
453,Dan Mazer,11
454,Danny Boyle,0
455,Danny Cannon,41
456,Danny DeVito,0
457,Danny Leiner,8
458,Danny Pang,15
459,Danny Perez,0
460,Danny Provenzano,84
461,Danny Steinmann,13
462,Dan O'Bannon,228
463,Dan Perri,0
464,Dan Reed,3
465,Dan Rush,7
466,Dan Scanlon,37
467,Dan Trachtenberg,16
468,Dany Boon,172
469,Dan Zukovic,8
470,Darin Scott,39
471,Dario Argento,930
472,Darnell Martin,67
473,Darrell Roodt,36
474,Darren Aronofsky,0
475,Darren Grant,0
476,Darren Lynn Bousman,163
477,Darren Stein,18
478,Daryl Wein,38
479,Daston Kalili,2
480,Dave Borthwick,3
481,Dave Carroll,0
482,Dave Green,13
483,Dave McKean,21
484,Dave Meyers,11
485,Dave Payne,0
486,Dave Rodriguez,11
487,David Anspaugh,25
488,David Atkins,8
489,David Ayer,452
490,David Bowers,42
491,David Boyd,29
492,David Caffrey,4
493,David Carson,18
494,David Cronenberg,0
495,David Cross,0
496,David DeCoteau,142
497,David Dobkin,71
498,David Duchovny,0
499,David E. Talbert,68
500,David Fincher,21000
501,David Frankel,64
502,David F. Sandberg,26
503,David Gelb,26
504,David G. Evans,0
505,David Gordon Green,234
506,David Hackl,43
507,David Hayter,512
508,David Hewlett,686
509,David Hunt,0
510,David Jacobson,12
511,David Kellogg,16
512,David Koepp,192
513,David LaChapelle,30
514,David Lam,4
515,David Lean,767
516,David Leland,2
517,David Lowery,38
518,David Lynch,0
519,David Mamet,342
520,David McNally,18
521,David Mirkin,7
522,David M. Matthews,8
523,David Moreau,0
524,David Nixon,13
525,David Nutter,119
526,David Oelhoffen,2
527,David O. Russell,737
528,David Palmer,21
529,David Pastor,10
530,David Ray,0
531,David Raynr,9
532,David R. Ellis,160
533,David Robert Mitchell,421
534,David Schwimmer,0
535,David S. Goyer,687
536,David Silverman,30
537,David Sington,90
538,David Slade,171
539,David Soren,13
540,David S. Ward,42
541,David Twohy,123
542,David Wain,136
543,David Webb Peoples,73
544,David Winning,65
545,David Winters,49
546,David Worth,58
547,David Yates,282
548,David Zucker,119
549,Davis Guggenheim,49
550,Dean DeBlois,255
551,Dean Israelite,16
552,Dean Parisot,23
553,Dean Wright,0
554,Deb Hagan,0
555,Deborah Anderson,4
556,Debra Granik,81
557,Deepa Mehta,375
558,Demian Lichtenstein,11
559,Dena Seidel,0
560,Denis Villeneuve,777
561,Dennie Gordon,29
562,Dennis Dugan,221
563,Dennis Gansel,23
564,Dennis Hopper,0
565,Dennis Iliadis,29
566,Denys Arcand,66
567,Denzel Washington,18000
568,Deon Taylor,26
569,Derek Cianfrance,310
570,Derick Martini,20000
571,Derrick Borte,17
572,Deryck Broom,11
573,Des McAnuff,5
574,Dewey Nicks,4
575,Dexter Fletcher,452
576,Diane English,15
577,Diane Keaton,0
578,Dick Richards,6
579,Dinesh D'Souza,67
580,Dito Montiel,68
581,D.J. Caruso,154
582,DJ Pooh,69
583,Dominic Burns,15
584,Dominic Sena,57
585,Dominique Othenin-Girard,2
586,Donald Petrie,80
587,Don Bluth,383
588,Don Coscarelli,152
589,Don Hall,38
590,Don Kempf,0
591,Don Mancini,64
592,Don Michael Paul,70
593,Don Scardino,35
594,Don Siegel,152
595,Don Taylor,11
596,Doug Atchison,3
597,Doug Block,0
598,Douglas Aarniokoski,36
599,Douglas Cheek,4
600,Douglas McGrath,41
601,Douglas Trumbull,136
602,Doug Lefler,4
603,Doug Liman,218
604,Doug Walker,131
605,Drake Doremus,52
606,Drew Barrymore,0
607,Drew Goddard,246
608,Dror Moreh,4
609,D. Stevens,6
610,Duane Journey,2
611,Duke Johnson,26
612,Duncan Jones,0
613,Duncan Tucker,2
614,Dustin Hoffman,0
615,D.W. Griffith,204
616,Dwight H. Little,27
617,Dylan Bank,0
618,Ed Decter,13
619,Eddie O'Flaherty,3
620,Edgar Wright,1000
621,Ed Gass-Donnelly,8
622,Ed Harris,0
623,Edward Burns,0
624,Edward Dmytryk,74
625,Edward Hall,0
626,Edward Norton,0
627,Edward Zwick,380
628,E. Elias Merhige,54
629,Efram Potelle,2
630,Ekachai Uekrongtham,3
631,Elaine May,124
632,Eldar Rapaport,0
633,Elia Kazan,603
634,Eli Craig,27
635,Eli Roth,0
636,Elizabeth Allen Rosenbaum,20
637,Elizabeth Banks,0
638,E.L. Katz,3
639,Ellory Elkayem,11
640,Emile Ardolino,22
641,Émile Gaudreault,9
642,Emilio Estevez,0
643,Emily Dell,0
644,Emily Young,6
645,Emma-Kate Croghan,0
646,Enrique Begne,0
647,Eric Blakeney,3
648,Eric Bress,19
649,Eric Brevig,40
650,Eric Bross,49
651,Eric Bugbee,0
652,Eric Darnell,35
653,Eric Eason,3
654,Eric England,15
655,Eric Lartigau,7
656,Eric Lavaine,0
657,Eric Leighton,0
658,Eric Mendelsohn,5
659,Eric Nicholas,0
660,Eric Schaeffer,71
661,Ericson Core,19
662,Eric Styles,4
663,Éric Tessier,0
664,Eric Valette,2
665,Erik Canuel,31
666,Erik White,17
667,Ernest R. Dickerson,226
668,Ernie Barbarash,249
669,Errol Morris,239
670,Etan Cohen,164
671,Ethan Coen,1000
672,Ethan Maniquis,20
673,Étienne Faure,77
674,Eugène Lourié,7
675,Eugenio Derbez,399
676,Evan Goldberg,133
677,Eytan Fox,21
678,Fabián Bielinsky,44
679,Fatih Akin,766
680,Fede Alvarez,201
681,Fedor Bondarchuk,35
682,Fenton Bailey,13
683,Fernando Baez Mella,0
684,Fernando León de Aranoa,58
685,Fernando Meirelles,353
686,Feroz Abbas Khan,0
687,Ferzan Ozpetek,798
688,F. Gary Gray,473
689,Fina Torres,26
690,Finn Taylor,4
691,Florence Ayisi,0
692,Florent-Emilio Siri,17
693,Florian Henckel von Donnersmarck,207
694,Floria Sigismondi,50
695,Floyd Mutrux,11
696,Forest Whitaker,0
697,Francesca Gregorini,15
698,Francis Ford Coppola,0
699,Francis Lawrence,508
700,Franck Khalfoun,33
701,François Girard,63
702,François Ozon,341
703,François Truffaut,0
704,Franco Zeffirelli,160
705,Frank Borzage,57
706,Frank Capra,964
707,Frank Coraci,153
708,Frank Darabont,0
709,Frank LaLoggia,7
710,Franklin J. Schaffner,76
711,Frank Lotito,5
712,Frank Marshall,155
713,Frank Miller,436
714,Frank Nissen,0
715,Frank Oz,0
716,Frank Perry,24
717,Frank Sebastiano,3
718,Frank Whaley,436
719,Fred Dekker,87
720,Fred Durst,258
721,Frédéric Auburtin,18
722,Frédéric Forestier,0
723,Frederik Du Chau,7
724,Fred Savage,0
725,Fred Schepisi,40
726,Fred Walton,17
727,Fred Wolf,29
728,Fred Zinnemann,160
729,Fritz Lang,756
730,Gabe Ibáñez,19
731,Gabor Csupo,47
732,Gabriela Tagliavini,20
733,Gabriele Muccino,125
734,Gareth Edwards,380
735,Gareth Evans,338
736,Garry Marshall,0
737,Garth Jennings,37
738,Gary Chapman,2
739,Gary David Goldberg,30
740,Gary Fleder,39
741,Gary Halvorson,11
742,Gary Hardwick,10
743,Gary McKendry,5
744,Gary Nelson,20
745,Gary Rogers,0
746,Gary Ross,378
747,Gary Sherman,17
748,Gary Shore,28
749,Gary Sinyor,0
750,Gary Trousdale,21
751,Gary Winick,56
752,Gaspar Noé,929
753,Gavin Hood,151
754,Gavin O'Connor,149
755,Gavin Wiesen,19
756,Gene Quintano,0
757,Gene Teigland,0
758,Genndy Tartakovsky,266
759,Geoff Murphy,14
760,Geoffrey Sax,13
761,George Armitage,5
762,George A. Romero,0
763,George Clooney,0
764,George Cukor,165
765,George Gallo,269
766,George Hickenlooper,60
767,George Jackson,0
768,George Lucas,0
769,George Miller,750
770,George Nolfi,53
771,George P. Cosmatos,170
772,George Ratliff,3
773,George Roy Hill,131
774,George Sidney,24
775,George Stevens,126
776,George Tillman Jr.,88
777,Georgia Hilton,406
778,Georg Wilhelm Pabst,21
779,Gerald Potterton,0
780,Gerard Johnstone,3
781,Gérard Krawczyk,7
782,Gerry Lively,93
783,Gia Coppola,71
784,Gideon Raff,47
785,Gil Junger,19
786,Gil Kenan,27
787,Gilles Paquet-Brenner,15
788,Gillian Armstrong,44
789,Gillian Robespierre,9
790,Gina Prince-Bythewood,107
791,Giovanni Zelko,4
792,Giuliano Montaldo,4
793,Giuseppe Tornatore,911
794,Glen Morgan,17
795,Glenn Ficarra,43
796,Gnana Rajasekaran,0
797,Gonzalo López-Gallego,17
798,Goran Dukic,21
799,Gordon Chan,4
800,Gore Verbinski,563
801,Graham Annable,7
802,Grant Heslov,293
803,Greg Berlanti,112
804,Greg Coolidge,27
805,Greg Harrison,7
806,Greg Marcks,9
807,Greg Mottola,99
808,Gregor Jordan,34
809,Gregory Hoblit,40
810,Gregory Jacobs,13
811,Gregory Nava,16
812,Gregory Poirier,5
813,Gregory Widen,10
814,Greg Tiernan,5
815,Griffin Dunne,165
816,Guillaume Canet,0
817,Guillaume Ivernel,0
818,Guillermo del Toro,0
819,Gurinder Chadha,98
820,Gus Van Sant,835
821,Guy Hamilton,82
822,Guy Maddin,126
823,Guy Ritchie,0
824,Hal Haberman,0
825,Hal Needham,379
826,Ham Tran,5
827,Hank Braxtan,6
828,Hans Canosa,3
829,Hans Petter Moland,19
830,Hao Ning,0
831,Harald Reinl,2
832,Harald Zwart,91
833,Hark Tsui,85
834,Harley Cokeliss,4
835,Harmage Singh Kalirai,11
836,Harmony Korine,520
837,Harold Becker,17
838,Harold Cronk,18
839,Harold Ramis,11000
840,Harry Beaumont,4
841,Harry Elfont,4
842,Harry F. Millarde,0
843,Harry Gantz,0
844,Hart Bochner,157
845,Hayao Miyazaki,6000
846,Hayley Cloake,0
847,Heidi Ewing,4
848,Henry Alex Rubin,30
849,Henry Bean,21
850,Henry Hathaway,83
851,Henry Hobson,9
852,Henry Jaglom,69
853,Henry Joost,24
854,Henry King,85
855,Henry Koster,28
856,Henry Selick,253
857,Herbert Ross,71
858,Herb Freed,5
859,Hideaki Anno,28
860,Hideo Nakata,62
861,Hilary Brougher,0
862,Hironobu Sakaguchi,6
863,Hitoshi Matsumoto,17
864,H.M. Coakley,0
865,Hong-jin Na,43
866,Howard Deutch,41
867,Howard Hawks,393
868,Howard Hughes,177
869,Howard Zieff,6
870,Hoyt Yeatman,12
871,Hsiao-Hsien Hou,141
872,Huck Botko,10
873,Hue Rhodes,0
874,Hugh Hudson,46
875,Hugh Johnson,3
876,Hugh Wilson,37
877,Hunter Richards,11
878,Hyung-rae Shim,26
879,Iain Softley,34
880,Ian Fitzgibbon,11
881,Ian Iqbal Rashid,8
882,Ian Sharp,9
883,Ice Cube,0
884,Igor Kovalyov,5
885,Ingmar Bergman,0
886,Inna Evlannikova,0
887,Ira Sachs,60
888,Irvin Kershner,883
889,Irwin Winkler,34
890,Isaac Florentine,81
891,Isabel Coixet,148
892,István Szabó,109
893,Ivan Engler,0
894,Ivan Kavanagh,18
895,Ivan Reitman,425
896,J.A. Bayona,171
897,Jack Conway,6
898,Jack Heller,0
899,Jackie Earle Haley,0
900,Jack Perez,19
901,Jack Sholder,28
902,Jack Smight,22
903,Jacob Aaron Estes,9
904,Jaco Booyens,37
905,Jacques Perrin,63
906,Jafar Panahi,397
907,Jaime Zevallos,228
908,Jake Goldberger,2
909,Jake Kasdan,52
910,Jake Paltrow,17
911,Jake Schreier,14
912,Jake Scott,26
913,Jamaa Fanaka,9
914,Jamal Hill,47
915,Jamel Debbouze,326
916,James Algar,11
917,James Bidgood,0
918,James Bobin,33
919,James Bridges,21
920,James Cameron,0
921,James Cox,10
922,James David Pasternak,0
923,James DeMonaco,65
924,James Dodson,8
925,James Fargo,109
926,James Foley,164
927,James Frawley,21
928,James Gartner,0
929,James Gray,115
930,James Gunn,571
931,James Isaac,52
932,James Ivory,133
933,James Kerwin,0
934,James L. Brooks,274
935,James Manera,0
936,James Mangold,446
937,James Marsh,120
938,James Mather,4
939,James McTeigue,160
940,James Melkonian,7
941,James Mottern,7
942,James Nunn,16
943,James O'Brien,7
944,James Ponsoldt,53
945,James Schamus,44
946,James Toback,56
947,James Wan,0
948,James Watkins,43
949,James Wong,70
950,Jamie Babbit,91
951,Jamie Blanks,9
952,Jamie Thraves,2
953,Jamie Travis,15
954,Jamin Winans,63
955,Jan de Bont,101
956,Jane Campion,319
957,Jane Clark,23
958,Janusz Kaminski,710
959,Jared Hess,100
960,Jason Alexander,700
961,Jason Bateman,0
962,Jason Connery,110
963,Jason Eisener,59
964,Jason Friedberg,82
965,Jason Miller,0
966,Jason Moore,36
967,Jason Naumann,2
968,Jason Reitman,655
969,Jason Stone,14
970,Jason Trost,91
971,Jason Zada,4
972,Jaume Balagueró,57
973,Jaume Collet-Serra,174
974,Jay Alaimo,2
975,Jay Chandrasekhar,422
976,Jay Duplass,157
977,Jay Levey,3
978,Jay Oliva,41
979,Jay Roach,116
980,Jay Russell,13
981,J Blakeson,5
982,J.B. Rogers,6
983,J.C. Chandor,78
984,Jean-François Richet,25
985,Jean-Jacques Annaud,218
986,Jean-Jacques Mantello,0
987,Jean-Luc Godard,0
988,Jean-Marc Vallée,212
989,Jean-Marie Poiré,8
990,Jeannot Szwarc,82
991,Jean-Paul Rappeneau,22
992,Jean-Pierre Jeunet,0
993,Jeb Stuart,11
994,Jee-woon Kim,419
995,Jeff Burr,155
996,Jeff Crook,5
997,Jeff Franklin,24
998,Jeff Garlin,522
999,Jeff Kanew,6
1000,Jeff Lowell,4
1001,Jeff Nathanson,23
1002,Jeff Nichols,337
1003,Jeffrey St. Jules,0
1004,Jeffrey W. Byrd,2
1005,Jeff Schaffer,17
1006,Jeff Tremaine,79
1007,Jeff Wadlow,65
1008,Jehane Noujaim,63
1009,Je-kyu Kang,16
1010,Jem Cohen,6
1011,Jennifer Finnigan,246
1012,Jennifer Flackett,3
1013,Jennifer Wynne Farmer,0
1014,Jennifer Yuh Nelson,90
1015,Jeremy Brock,16
1016,Jeremy Degruson,0
1017,Jeremy Leven,19
1018,Jeremy Saulnier,57
1019,Jeremy Sims,8
1020,Jérôme Deschamps,0
1021,Jerome Elston Scott,3
1022,Jerome Robbins,34
1023,Jérôme Salle,22
1024,Jerry Belson,3
1025,Jerry Dugan,3
1026,Jerry Jameson,5
1027,Jerry Rees,115
1028,Jerry Zaks,4
1029,Jerry Zucker,109
1030,Jesse Dylan,58
1031,Jesse Peretz,37
1032,Jesse Vaughan,10
1033,Jessica Bendinger,31
1034,Jessie Nelson,24
1035,Jessy Terrero,29
1036,Jeta Amata,20
1037,Jez Butterworth,16
1038,Jill Sprecher,11
1039,Jim Abrahams,104
1040,Jim Amatulli,0
1041,Jim Chuchu,0
1042,Jim Fall,13
1043,Jim Field Smith,14
1044,Jim Gillespie,13
1045,Jim Goddard,3
1046,Jim Hanon,2
1047,Jim Issa,5
1048,Jim Jarmusch,0
1049,Jim Mickle,53
1050,Jimmy Hayward,39
1051,Jim Sheridan,260
1052,Jim Sonzero,2
1053,Jirí Menzel,44
1054,J.J. Abrams,14000
1055,JK Youn,2
1056,J. Lee Thompson,88
1057,Joachim Rønning,18
1058,Joan Chen,643
1059,Joby Harold,8
1060,Jodie Foster,0
1061,Jody Hill,62
1062,Joe Berlinger,31
1063,Joe Camp,24
1064,Joe Carnahan,248
1065,Joe Chappelle,13
1066,Joe Charbanic,10
1067,Joe Cornish,115
1068,Joe Cross,65
1069,Joe Dante,287
1070,Joe Johnston,394
1071,Joe Kenemore,0
1072,Joel Anderson,0
1073,Joel Coen,0
1074,Joel Edgerton,0
1075,Joel Gallen,11
1076,Joel Paul Reisig,431
1077,Joel Schumacher,541
1078,Joel Zwick,38
1079,Joe Marino,0
1080,Joe Nussbaum,18
1081,Joe Pytka,30
1082,Joe Roth,148
1083,Joe Swanberg,217
1084,Joe Wright,456
1085,Joey Lauren Adams,781
1086,Johanna Schwartz,0
1087,John A. Davis,8
1088,John Badham,139
1089,John Blanchard,0
1090,John Bonito,8
1091,John Boorman,128
1092,John 'Bud' Cardos,8
1093,John Cameron Mitchell,263
1094,John Carl Buechler,152
1095,John Carney,109
1096,John Carpenter,0
1097,John Cornell,5
1098,John Cromwell,19
1099,John Crowley,34
1100,John Curran,43
1101,John Dahl,131
1102,John D. Hancock,44
1103,John Duigan,18
1104,John Eng,0
1105,John Erick Dowdle,66
1106,John Ford,673
1107,John Fortenberry,12
1108,John Francis Daley,0
1109,John Frankenheimer,287
1110,John Gatins,61
1111,John G. Avildsen,80
1112,John Glen,46
1113,John Gray,29
1114,John Guillermin,71
1115,John Gulager,38
1116,John Hamburg,29
1117,John Herzfeld,17
1118,John Hillcoat,214
1119,John H. Lee,32
1120,John Hoffman,9
1121,John Huston,1000
1122,John Lafia,5
1123,John Laing,0
1124,John Landis,644
1125,John Lasseter,487
1126,John Lee Hancock,102
1127,John Luessenhop,34
1128,John Maclean,85
1129,John Madden,108
1130,John Maybury,11
1131,John McNaughton,39
1132,John McTiernan,323
1133,John Michael McDonagh,51
1134,John Milius,468
1135,John Moore,212
1136,John Murlowski,20
1137,Johnnie To,143
1138,Johnny Remo,74
1139,John Ottman,83
1140,John Pasquin,11
1141,John Patrick Shanley,53
1142,John Polson,21
1143,John Putch,60
1144,John Reinhardt,2
1145,John R. Leonetti,40
1146,John Sayles,407
1147,John Schlesinger,154
1148,John Schultz,13
1149,John Simpson,0
1150,John Singleton,309
1151,John Stainton,0
1152,John Stephenson,0
1153,John Stockwell,134
1154,John Sturges,120
1155,John Turturro,0
1156,John Waters,0
1157,John Wells,53
1158,John Whitesell,14
1159,John Woo,610
1160,Jon Amiel,36
1161,Jonas Åkerlund,68
1162,Jonas Elmer,3
1163,Jonathan Caouette,20
1164,Jonathan Dayton,36
1165,Jonathan Demme,438
1166,Jonathan English,9
1167,Jonathan Frakes,906
1168,Jonathan Glazer,143
1169,Jonathan Hensleigh,36
1170,Jonathan Jakubowicz,23
1171,Jonathan Kaplan,57
1172,Jonathan Kesselman,4
1173,Jonathan Levine,129
1174,Jonathan Liebesman,473
1175,Jonathan Lynn,36
1176,Jonathan Meyers,0
1177,Jonathan Mostow,84
1178,Jonathan Newman,3
1179,Jonathan Parker,0
1180,Jonathan Teplitzky,6
1181,Jonathan Wacks,0
1182,Jon Avnet,50
1183,Jon Cassar,78
1184,Jon Favreau,4000
1185,Jon Gunn,16
1186,Jon Hess,29
1187,Jon Hurwitz,22
1188,Jon Kasdan,21
1189,Jon Knautz,10
1190,Jon Lucas,24
1191,Jon M. Chu,209
1192,Jon Poll,20
1193,Jon Shear,0
1194,Jon Stewart,593
1195,Jon Turteltaub,226
1196,Jon Wright,4
1197,Joon-ho Bong,584
1198,Jorge Blanco,2
1199,Jorge Gaggero,0
1200,Jorge Ramírez Suárez,45
1201,Jorge R. Gutiérrez,34
1202,Jorma Taccone,434
1203,Josef Rusnak,9
1204,José Luis Valenzuela,0
1205,José Padilha,294
1206,Joseph Dorman,0
1207,Joseph Gordon-Levitt,23000
1208,Joseph Green,2
1209,Joseph Kahn,33
1210,Joseph Kosinski,364
1211,Joseph L. Mankiewicz,311
1212,Joseph Mazzella,0
1213,Joseph Ruben,29
1214,Joseph Sargent,114
1215,Joseph Zito,17
1216,Josh Boone,131
1217,Josh Gordon,8
1218,Josh Schwartz,90
1219,Josh Trank,128
1220,Joshua Logan,32
1221,Joshua Marston,13
1222,Joshua Michael Stern,0
1223,Joshua Oppenheimer,50
1224,Joshua Seftel,0
1225,Joshua Tickell,9
1226,Joss Whedon,0
1227,J.S. Cardone,23
1228,Juan Carlos Fresnadillo,35
1229,Juan José Campanella,195
1230,Judd Apatow,0
1231,Jugal Hansraj,32
1232,Julian Gilbey,7
1233,Julian Jarrold,11
1234,Julian Schnabel,232
1235,Julie Anne Robinson,30
1236,Julie Davis,12
1237,Julien Temple,67
1238,Julie Taymor,278
1239,Julio DePietro,0
1240,Jun Falkenstein,25
1241,Juraj Jakubisko,15
1242,Justin Chadwick,56
1243,Justin Dillon,0
1244,Justin Kerrigan,8
1245,Justin Lin,681
1246,Justin Molotnikov,5
1247,Justin Paul Miller,0
1248,Justin Thomas Ostensen,0
1249,Justin Tipping,2
1250,Justin Zackham,16
1251,Kabir Sadanand,0
1252,Kaige Chen,45
1253,Karan Johar,160
1254,Karen Moncrieff,22
1255,Karey Kirkpatrick,11
1256,Karim Aïnouz,19
1257,Kari Skogland,13
1258,Kar-Wai Wong,0
1259,Karyn Kusama,45
1260,Kasi Lemmons,148
1261,Kat Coiro,28
1262,Kate Barker-Froyland,4
1263,Kate Connor,27
1264,Katherine Brooks,57
1265,Katherine Dieckmann,8
1266,Kathryn Bigelow,0
1267,Katie Aselton,224
1268,Katja von Garnier,18
1269,Katsuhiro Ôtomo,78
1270,Katt Shea,52
1271,Kay Pollak,10
1272,Keenen Ivory Wayans,322
1273,Keith Gordon,200
1274,Keith Parmer,2
1275,Kelly Asbury,21
1276,Kelly Makin,6
1277,Kelly Reichardt,129
1278,Ken Annakin,19
1279,Ken Del Conte,2
1280,Ken Kwapis,42
1281,Ken Loach,644
1282,Kenneth Branagh,0
1283,Kenneth Johnson,34
1284,Kenneth Lonergan,50
1285,Kenny Ortega,197
1286,Ken Roht,0
1287,Ken Scott,31
1288,Ken Shapiro,2
1289,Kent Alterman,3
1290,Kerry Conran,14
1291,Kevin Allen,8
1292,Kevin Bray,10
1293,Kevin Brodie,0
1294,Kevin Carraway,2
1295,Kevin Costner,0
1296,Kevin Donovan,11
1297,Kevin Greutert,52
1298,Kevin Hamedani,23
1299,Kevin Hooks,114
1300,Kevin Jordan,4
1301,Kevin Lima,36
1302,Kevin Macdonald,162
1303,Kevin Munroe,14
1304,Kevin Reynolds,58
1305,Kevin Rodney Sullivan,8
1306,Kevin Smith,0
1307,Kevin Spacey,18000
1308,Kevin Tancharoen,64
1309,Kevin Tenney,85
1310,Khalid Mohamed,10
1311,Khalil Sullins,5
1312,Khyentse Norbu,28
1313,Kief Davidson,0
1314,Kimberly Peirce,108
1315,Kimble Rendall,0
1316,Kim Farrant,93
1317,Kim Nguyen,16
1318,King Vidor,54
1319,Kinka Usher,18
1320,Kirk De Micco,16
1321,Kirk Jones,52
1322,Kirk Loudon,0
1323,Kirk Wong,6
1324,Kirsten Sheridan,59
1325,Kiyoshi Kurosawa,62
1326,K. King,3
1327,Klaus Menzel,34
1328,Kris Isacsson,0
1329,Kristin Rizzo,30
1330,Kriv Stenders,25
1331,Kundan Shah,4
1332,Kunihiko Yuyama,8
1333,Kurt Hale,0
1334,Kurt Voss,0
1335,Kurt Wimmer,110
1336,Kyle Balda,22
1337,Lajos Koltai,45
1338,Lana Wachowski,0
1339,Lance Hool,0
1340,Lance Kawas,66
1341,Lance McDaniel,0
1342,Lance Mungia,4
1343,Lance Rivera,3
1344,Larry Blamire,56
1345,Larry Charles,119
1346,Larry Clark,184
1347,Lars von Trier,3000
1348,Laslo Benedek,6
1349,Lasse Hallström,529
1350,Laurence Dunmore,2
1351,Lauren Lazin,2
1352,Laurent Bouhnik,0
1353,Laurent Cantet,39
1354,Laurent Tirard,2
1355,Laurie Collyer,38
1356,Lawrence Guterman,6
1357,Lawrence Kasanoff,11
1358,Lawrence Kasdan,759
1359,Léa Pool,4
1360,Lee Daniels,304
1361,Lee Tamahori,93
1362,Lee Toland Krieger,43
1363,Lee Unkrich,125
1364,Leigh Whannell,482
1365,Lena Dunham,969
1366,Lenny Abrahamson,412
1367,Len Wiseman,235
1368,Leonard Farlinger,0
1369,Leonard Nimoy,12000
1370,Leon Ford,18
1371,Leon Ichaso,5
1372,Leos Carax,227
1373,Leslie H. Martinson,7
1374,Leslie Small,15
1375,Leslye Headland,21
1376,Les Mayfield,10
1377,Levan Gabriadze,6
1378,Lewis Gilbert,43
1379,Lexi Alexander,189
1380,Lijun Sun,0
1381,Liliana Cavani,59
1382,Linda Mendoza,17
1383,Lionel C. Martin,3
1384,Lisa Azuelos,15
1385,Lisa Cholodenko,450
1386,Lisanne Pajot,0
1387,Livingston Oden,0
1388,Liv Ullmann,440
1389,Liz Friedlander,3
1390,Li Zhang,0
1391,Lloyd Bacon,24
1392,Lloyd Kaufman,365
1393,Lluís Quílez,0
1394,Lone Scherfig,92
1395,Lorene Scafaria,63
1396,Lori Petty,923
1397,Lori Silverbush,5
1398,Louis C.K.,0
1399,Louis Leterrier,255
1400,Louis Morneau,38
1401,Lowell Sherman,16
1402,Luca Guadagnino,64
1403,Luc Besson,0
1404,Lucile Hadzihalilovic,92
1405,Lucio Fulci,385
1406,Luc Jacquet,10
1407,Lucky McKee,75
1408,Lucrecia Martel,33
1409,Luis Llosa,49
1410,Luis Mandoki,43
1411,Luis Valdez,7
1412,Lukas Moodysson,187
1413,Luke Dye,0
1414,Luke Greenfield,42
1415,Lynne Ramsay,159
1416,Lynn Shelton,100
1417,Mabel Cheung,3
1418,Mabrouk El Mechri,19
1419,Maggie Carey,38
1420,Maggie Greenwald,9
1421,Maïwenn,236
1422,Majid Majidi,373
1423,Maksim Fadeev,0
1424,Malcolm D. Lee,92
1425,Malcolm Goodwin,117
1426,Mamoru Hosoda,99
1427,Måns Mårlind,24
1428,Marc Abraham,18
1429,Marc Bennett,3
1430,Marc F. Adler,0
1431,Marc Forby,3
1432,Marc Forster,395
1433,Marcio Garcia,74
1434,Marc Lawrence,30
1435,Marc Levin,12
1436,Marco Kreuzpaintner,7
1437,Marco Schnabel,12
1438,Marcos Siega,32
1439,Marc Schölermann,3
1440,Marcus Dunstan,87
1441,Marcus Nispel,158
1442,Marcus Raboy,7
1443,Marc Webb,464
1444,Maria Maggenti,4
1445,Marianna Palka,123
1446,Marielle Heller,22
1447,Mariette Monpierre,0
1448,Marilyn Agrelo,2
1449,Mario Van Peebles,535
1450,Marius A. Markevicius,6
1451,Mark Andrews,56
1452,Mark A.Z. Dippé,20
1453,Mark Brown,7
1454,Mark Christopher,15
1455,Mark Dindal,10
1456,Mark Griffiths,4
1457,Mark Helfrich,7
1458,Mark Herman,39
1459,Mark Illsley,3
1460,Mark L. Lester,73
1461,Mark Mylod,20
1462,Mark Neveldine,83
1463,Mark Osborne,54
1464,Mark Pellington,89
1465,Mark Piznarski,4
1466,Mark Romanek,132
1467,Mark Rosman,15
1468,Mark Rydell,43
1469,Mark Sandrich,10
1470,Mark Steven Johnson,160
1471,Mark Tarlov,3
1472,Mark Tonderai,13
1473,Mark Waters,70
1474,Mark Young,14
1475,Mars Callahan,60
1476,Martha Coolidge,57
1477,Martin Brest,102
1478,Martin Campbell,258
1479,Martin Koolhoven,12
1480,Martin Lawrence,0
1481,Martin McDonagh,454
1482,Martin Ritt,58
1483,Martin Scorsese,17000
1484,Martin Weisz,7
1485,Martyn Pick,4
1486,Maryam Keshavarz,32
1487,Mary Harron,126
1488,Mary Lambert,52
1489,Mary McGuckian,6
1490,Mary Pat Kelly,3
1491,Masayuki Ochiai,5
1492,Mateo Gil,3
1493,Mathieu Amalric,412
1494,Mathieu Kassovitz,326
1495,Matt Bettinelli-Olpin,14
1496,Matt Birch,0
1497,Matt Cimber,32
1498,Matt Dillon,0
1499,Matthew Bright,9
1500,Matthew Diamond,12
1501,Matthew Hastings,3
1502,Matthew O'Callaghan,5
1503,Matthew R. Anderson,252
1504,Matthew Robbins,25
1505,Matthew Vaughn,905
1506,Matthew Watts,0
1507,Matt Jackson,0
1508,Matt Johnson,8
1509,Matt Maiellaro,8
1510,Matt Piedmont,4
1511,Matt Reeves,198
1512,Matt Walsh,490
1513,Matt Williams,18
1514,Matty Rich,10
1515,Maurice Joyce,0
1516,Maurizio Benazzo,0
1517,Max Färberböck,4
1518,Max Joseph,31
1519,Max Mayer,6
1520,McG,368
1521,Meiert Avis,0
1522,Mel Brooks,0
1523,Mel Gibson,0
1524,Mel Smith,302
1525,Mel Stuart,21
1526,Melville Shavelson,5
1527,Melvin Van Peebles,101
1528,Mennan Yapo,9
1529,Menno Meyjes,43
1530,Mervyn LeRoy,54
1531,Michael Anderson,23
1532,Michael Apted,150
1533,Michael Bay,0
1534,Michael Burke,3
1535,Michael Caton-Jones,105
1536,Michael Chapman,70
1537,Michael Cimino,517
1538,Michael Clancy,0
1539,Michael Cohn,2
1540,Michael Corrente,30
1541,Michael Crichton,735
1542,Michael Cristofer,49
1543,Michael Cuesta,52
1544,Michael Curtiz,345
1545,Michael Dinner,12
1546,Michael Dougherty,66
1547,Michael Dowse,31
1548,Michael D. Sellers,0
1549,Michael Gornick,10
1550,Michael Haneke,0
1551,Michael Herz,6
1552,Michael Hoffman,97
1553,Michael Hoffman Jr.,32
1554,Michael Jai White,2000
1555,Michael J. Bassett,83
1556,Michael Kang,269
1557,Michael Landon Jr.,84
1558,Michael Lehmann,36
1559,Michael Lembeck,54
1560,Michael Mann,0
1561,Michael Martin,0
1562,Michael Mayer,15
1563,Michael McCullers,5
1564,Michael McGowan,12
1565,Michael Meredith,7
1566,Michael Moore,909
1567,Michael O. Sajbel,6
1568,Michael Patrick Jann,31
1569,Michael Patrick King,127
1570,Michael Polish,35
1571,Michael Pressman,34
1572,Michael Radford,53
1573,Michael Ritchie,23
1574,Michael Roemer,0
1575,Michael Rymer,48
1576,Michael Schultz,78
1577,Michael Spierig,35
1578,Michael Sucsy,23
1579,Michael Taliferro,105
1580,Michael Tiddes,89
1581,Michael Tollin,19
1582,Michael Wadleigh,14
1583,Michael Walker,5
1584,Michael Winner,136
1585,Michael Winnick,155
1586,Michael Winterbottom,187
1587,Michel Gondry,1000
1588,Michel Hazanavicius,405
1589,Michel Leclerc,3
1590,Michel Orion Scott,0
1591,Mickey Liddell,7
1592,Mick Jackson,81
1593,Mic Rodgers,7
1594,Miguel Arteta,44
1595,Miguel Sapochnik,238
1596,Mikael Håfström,101
1597,Mikael Salomon,13
1598,Mike Barker,5
1599,Mike Bigelow,2
1600,Mike Binder,57
1601,Mike Bruce,6
1602,Mike Cahill,135
1603,Mike Disa,6
1604,Mike Figgis,81
1605,Mike Flanagan,59
1606,Mike Gabriel,12
1607,Mike Hodges,24
1608,Mike Judge,406
1609,Mike Leigh,608
1610,Mikel Rueda,0
1611,Mike Marvin,28
1612,Mike Mayhall,14
1613,Mike McCoy,16
1614,Mike Mills,101
1615,Mike Mitchell,31
1616,Mike Nawrocki,12
1617,Mike Newell,179
1618,Mike Nichols,0
1619,Mike van Diem,4
1620,Milos Forman,869
1621,Mimi Leder,75
1622,Mira Nair,300
1623,Miranda July,244
1624,Mitch Davis,7
1625,Mitchell Altieri,9
1626,Mitchell Lichtenstein,53
1627,M. Night Shyamalan,0
1628,Molly Bernstein,0
1629,Mona Fastvold,2
1630,Monte Hellman,96
1631,Mora Stephens,5
1632,Morgan J. Freeman,204
1633,Morgan Neville,9
1634,Morgan Spurlock,293
1635,Mor Loushy,0
1636,Morten Tyldum,77
1637,Mort Nathan,2
1638,Moustapha Akkad,278
1639,Myles Berkowitz,0
1640,Nacho Vigalondo,76
1641,Nadia Tass,20
1642,Nadine Labaki,0
1643,Nae Caranfil,34
1644,Nancy Meyers,278
1645,Nancy Walker,42
1646,Nanette Burstein,8
1647,Natalie Bible',8
1648,Nate Parker,664
1649,Nat Faxon,214
1650,Nathan Frankowski,19
1651,Nathan Greno,15
1652,Nathan Smith Jones,7
1653,Neal Brennan,23
1654,Neema Barnette,21
1655,Neil Burger,168
1656,Neil Jordan,277
1657,Neil LaBute,119
1658,Neill Blomkamp,662
1659,Neill Dela Llana,0
1660,Neil Marshall,197
1661,Neil Mcenery-West,0
1662,Nelson McCormick,29
1663,Newt Arnold,15
1664,Niall Johnson,7
1665,Nicholas Fackler,6
1666,Nicholas Hytner,13
1667,Nicholas Jarecki,27
1668,Nicholas Meyer,120
1669,Nicholas Ray,117
1670,Nicholas Stoller,89
1671,Nicholaus Goossen,4
1672,Nick Cassavetes,415
1673,Nick Gomez,22
1674,Nick Hamm,6
1675,Nick Hurran,34
1676,Nick Love,63
1677,Nick Murphy,58
1678,Nickolas Perry,5
1679,Nick Tomnay,11
1680,Nicolae Constantin Tanase,0
1681,Nicolas Winding Refn,0
1682,Nicole Holofcener,132
1683,Niels Arden Oplev,76
1684,Nigel Cole,13
1685,Niki Caro,51
1686,Nils Gaup,8
1687,Nima Nourizadeh,166
1688,Nimród Antal,190
1689,Nnegest Likké,18
1690,Noah Baumbach,387
1691,Noah Buschel,8
1692,Noam Murro,263
1693,Noel Marshall,4
1694,Nora Ephron,0
1695,Norman Ferguson,3
1696,Norman Jewison,278
1697,Olatunde Osunsanmi,58
1698,Ole Bornedal,30
1699,Ole Christian Madsen,28
1700,Oleg Stepchenko,0
1701,Oliver Blackburn,4
1702,Oliver Hirschbiegel,101
1703,Oliver Parker,32
1704,Oliver Stone,0
1705,Olivier Assayas,107
1706,Olivier Dahan,61
1707,Olivier Megaton,118
1708,Ol Parker,21
1709,Oren Moverman,38
1710,Oren Peli,110
1711,Orson Welles,0
1712,Ossie Davis,282
1713,Pan Nalin,95
1714,Panos Cosmatos,22
1715,Paolo Monico,3
1716,Paolo Sorrentino,667
1717,Pascal Arnold,0
1718,Pascal Chaumeil,8
1719,Pat Holden,6
1720,Pat O'Connor,7
1721,Patrice Leconte,83
1722,Patricia Cardoso,15
1723,Patricia Riggen,36
1724,Patricia Rozema,22
1725,Patrick Creadon,3
1726,Patrick Gilles,0
1727,Patrick Gilmore,0
1728,Patrick Hughes,385
1729,Patrick Lussier,71
1730,Patrick Meaney,3
1731,Patrick Read Johnson,32
1732,Patrick Ryan Sims,0
1733,Patrick Stettner,5
1734,Patrick Tatopoulos,148
1735,Patty Jenkins,260
1736,Paul Abascal,2
1737,Paul Andrew Williams,46
1738,Paul Bartel,43
1739,Paul Bolger,0
1740,Paul Bunnell,5
1741,Paul Crowder,10
1742,Paul Donovan,4
1743,Paul Feig,176
1744,Paul Fierlinger,3
1745,Paul Fox,3
1746,Paul Greengrass,521
1747,Paul Gross,329
1748,Paul Haggis,549
1749,Paul Hunter,13
1750,Paul King,17
1751,Paul Mazursky,150
1752,Paul McGuigan,118
1753,Paul Michael Glaser,343
1754,Paul Schrader,261
1755,Paul Thomas Anderson,0
1756,Paul Tibbitt,5
1757,Paul Verhoeven,719
1758,Paul Weiland,10
1759,Paul Weitz,80
1760,Paul W.S. Anderson,545
1761,Pawel Pawlikowski,84
1762,Pece Dingo,0
1763,Pedro Almodóvar,0
1764,Penelope Spheeris,122
1765,Penny Marshall,545
1766,Perry Andelin Blake,11
1767,Perry Lang,17
1768,Pete Docter,0
1769,Pete Jones,18
1770,Peter Atencio,10
1771,Peter Berg,532
1772,Peter Billingsley,0
1773,Peter Care,0
1774,Peter Cattaneo,11
1775,Peter Chelsom,23
1776,Peter Cousens,5
1777,Peter DeLuise,358
1778,Peter Faiman,4
1779,Peter Farrelly,137
1780,Peter Flinth,5
1781,Peter Hastings,0
1782,Peter Hedges,54
1783,Peter Hewitt,12
1784,Peter H. Hunt,0
1785,Peter Ho-Sun Chan,31
1786,Peter Howitt,29
1787,Peter Hyams,0
1788,Peter Jackson,0
1789,Peter Kassovitz,0
1790,Peter Kosminsky,7
1791,Peter Landesman,15
1792,Peter Lepeniotis,7
1793,Peter Lord,91
1794,Peter MacDonald,10
1795,Peter M. Cohen,0
1796,Peter Medak,34
1797,Peter Ramsey,52
1798,Peter R. Hunt,13
1799,Peter Segal,88
1800,Peter Sohn,113
1801,Peter Sollett,6
1802,Peter Stebbings,89
1803,Peter Webber,73
1804,Peter Weir,608
1805,Peter Yates,170
1806,Pete Travis,38
1807,Petter Næss,16
1808,Peyton Reed,235
1809,Phil Alden Robinson,31
1810,Phil Claydon,6
1811,Philip G. Atwell,5
1812,Philip Kaufman,133
1813,Philip Saville,10
1814,Philip Zlotorynski,0
1815,Phil Joanou,21
1816,Phillip Noyce,176
1817,Phil Lord,97
1818,Phil Morrison,17
1819,Phil Traill,3
1820,Phyllida Lloyd,58
1821,Pierre Coffin,275
1822,Pierre Morel,180
1823,Pitof,26
1824,Piyush Dinker Pandya,0
1825,P.J. Hogan,29
1826,Pou-Soi Cheang,3
1827,Prachya Pinkaew,64
1828,Preston A. Whitmore II,17
1829,Qasim Basir,13
1830,Quentin Dupieux,248
1831,Quentin Tarantino,16000
1832,Rachel Goldenberg,7
1833,Rachel Perkins,3
1834,Rachel Talalay,54
1835,Rafa Lara,21
1836,Raja Gosnell,67
1837,Raja Menon,6
1838,Rajkumar Hirani,124
1839,Rakesh Roshan,53
1840,Rakeysh Omprakash Mehra,85
1841,Ralph Fiennes,0
1842,Ralph Nelson,17
1843,Ralph Ziman,5
1844,Ramaa Mosley,6
1845,Randal Kleiser,116
1846,Randall Miller,19
1847,Randall Rubin,0
1848,Randall Wallace,130
1849,Rand Ravich,7
1850,Randy Moore,13
1851,Rania Attieh,0
1852,Rawson Marshall Thurber,43
1853,Ray Griggs,4
1854,Ray Lawrence,10
1855,Raymond De Felitta,20
1856,R. Balki,12
1857,Rebecca Miller,58
1858,Reed Cowan,0
1859,Regardt van den Bergh,12
1860,Reginald Hudlin,71
1861,Reinhard Klooss,7
1862,Remo,168
1863,René Féret,0
1864,Renny Harlin,212
1865,Rian Johnson,0
1866,Richard Attenborough,0
1867,Richard Ayoade,0
1868,Richard Benjamin,121
1869,Richard Boddington,15
1870,Richard Brooks,174
1871,Richard Curtis,628
1872,Richard Donner,503
1873,Richard Dutcher,13
1874,Richard E. Grant,554
1875,Richard Eyre,14
1876,Richard Fleischer,130
1877,Richard Glatzer,25
1878,Richard J. Lewis,12
1879,Richard Kelly,219
1880,Richard Kwietniowski,23
1881,Richard LaGravenese,98
1882,Richard Lester,44
1883,Richard Linklater,0
1884,Richard Loncraine,12
1885,Richard Marquand,37
1886,Richard Montoya,12
1887,Richard Raymond,10
1888,Richard Rich,24
1889,Richard Schenkman,29
1890,Richard Shepard,47
1891,Richard Wallace,5
1892,Richard Williams,18
1893,Rich Christiano,14
1894,Rich Cowan,7
1895,Rich Moore,66
1896,Rick Bieber,11
1897,Rick de Oliveira,2
1898,Rick Famuyiwa,44
1899,Rick Friedberg,8
1900,Ricki Stern,15
1901,Rick Rosenthal,28
1902,Ricky Gervais,0
1903,Ric Roman Waugh,29
1904,Ridley Scott,0
1905,Ringo Lam,17
1906,Risa Bramon Garcia,112
1907,Rita Merson,5
1908,Ritesh Batra,25
1909,R.J. Cutler,15
1910,Rob Bowman,38
1911,Robby Henson,9
1912,Rob Cohen,357
1913,Robert Adetuyi,8
1914,Robert Altman,500
1915,Robert Ben Garant,134
1916,Robert Bennett,15
1917,Robert Butler,0
1918,Robert B. Weide,53
1919,Robert Cary,0
1920,Robert C. Cooper,49
1921,Robert Duvall,3000
1922,Robert D. Webb,0
1923,Robert Eggers,22
1924,Robert Fontaine,7
1925,Robert Greenwald,21
1926,Robert Hall,53
1927,Robert Harmon,11
1928,Robert Heath,0
1929,Robert Iscove,7
1930,Robert Kenner,11
1931,Robert Lee King,0
1932,Robert Lorenz,39
1933,Robert Luketic,126
1934,Robert Marcarelli,0
1935,Robert Moresco,53
1936,Robert Mulligan,89
1937,Robert M. Young,0
1938,Robert Redford,0
1939,Robert Rodriguez,0
1940,Robert Rossen,31
1941,Robert Sarkies,0
1942,Robert Schwentke,124
1943,Robert Stevenson,55
1944,Robert Stromberg,171
1945,Robert Towne,162
1946,Robert Townsend,467
1947,Robert Wise,338
1948,Robert Zemeckis,0
1949,Rob Hawk,97
1950,Rob Hedden,6
1951,Robin Budd,2
1952,Robinson Devor,14
1953,Rob Letterman,11
1954,Rob Marshall,252
1955,Rob McKittrick,6
1956,Rob Minkoff,50
1957,Rob Pritts,5
1958,Rob Reiner,0
1959,Rob Schmidt,36
1960,Rob Zombie,0
1961,Rod Lurie,37
1962,Rodman Flender,6
1963,Rodrigo Cortés,89
1964,Rodrigo García,127
1965,Roger Allers,28
1966,Roger Avary,675
1967,Roger Christian,64
1968,Roger Donaldson,79
1969,Roger Kumble,16
1970,Roger Michell,50
1971,Roger Nygard,3
1972,Roger Spottiswoode,55
1973,Roger Vadim,35
1974,Rohan Sippy,4
1975,Rohit Jagessar,0
1976,Rohit Jugraj,2
1977,Roland Emmerich,776
1978,Roland Joffé,596
1979,Roland Suso Richter,3
1980,Roman Polanski,2000
1981,Romesh Sharma,0
1982,Ronald Neame,38
1983,Ronan Chapalain,0
1984,Ron Clements,63
1985,Ron Fricke,330
1986,Ron Howard,2000
1987,Ron Maxwell,33
1988,Ronny Yu,31
1989,Ron Shelton,41
1990,Ron Underwood,31
1991,Rowan Joffe,17
1992,Rowdy Herrington,9
1993,Ruairi Robinson,7
1994,Ruba Nadda,55
1995,Ruben Fleischer,181
1996,Ruggero Deodato,101
1997,Rupert Sanders,274
1998,Rupert Wainwright,9
1999,Rupert Wyatt,81
2000,Russell Crowe,0
2001,Russell Friedenberg,9
2002,Russell Holt,0
2003,Russell Mulcahy,85
2004,Russ Meyer,199
2005,Rusty Cundieff,38
2006,Ryan Coogler,0
2007,Ryan Fleck,31
2008,Ryan Little,38
2009,Ryan Murphy,708
2010,Ryan Smith,4
2011,Ryûhei Kitamura,129
2012,RZA,561
2013,Sacha Bennett,22
2014,Sadyk Sher-Niyaz,135
2015,Sai Varadan,0
2016,Sajid Khan,0
2017,Salim Akil,70
2018,Sally Potter,87
2019,Salvador Carrasco,22
2020,Sam Fell,18
2021,Sam Firstenberg,44
2022,Sam Levinson,8
2023,Sam Martin,0
2024,Sam Mendes,0
2025,Sam Miller,12
2026,Sammo Kam-Bo Hung,472
2027,Sam Peckinpah,541
2028,Sam Raimi,0
2029,Sam Taylor-Johnson,456
2030,Sam Weisman,39
2031,Sanaa Hamri,43
2032,Sanjay Rawal,0
2033,Sarah Gavron,34
2034,Sarah Smith,6
2035,Sara Newens,0
2036,Sara Sugarman,10
2037,Sarik Andreasyan,9
2038,Saul Dibb,10
2039,Scandar Copti,13
2040,Scott Alexander,25
2041,Scott Cooper,108
2042,Scott Derrickson,301
2043,Scott Dow,6
2044,Scott Foley,0
2045,Scott Frank,71
2046,Scott Hicks,96
2047,Scott Kalvert,9
2048,Scott Mann,8
2049,Scott Marshall,7
2050,Scott Smith,2
2051,Scott Speer,35
2052,Scott Stewart,124
2053,Scott Walker,17
2054,Scott Waugh,76
2055,Scott Ziehl,4
2056,Sean Anders,51
2057,Sean Byrne,18
2058,Sean Durkin,46
2059,Sean McNamara,80
2060,Sean Penn,0
2061,Serdar Akar,11
2062,Sergey Bodrov,44
2063,Sergey Bondarchuk,27
2064,Sergio Leone,0
2065,Seth Gordon,91
2066,Seth MacFarlane,3000
2067,Shana Feste,19
2068,Shane Acker,30
2069,Shane Black,1000
2070,Shane Carruth,291
2071,Shane Dawson,247
2072,Shane Meadows,222
2073,Shari Springer Berman,30
2074,Sharon Greytak,0
2075,Sharon Maguire,11
2076,Sharron Miller,0
2077,Shawn Levy,189
2078,Shekar,0
2079,Shekhar Kapur,159
2080,Sheldon Lettich,23
2081,Sherman Alexie,18
2082,Shimit Amin,6
2083,Shinji Aramaki,21
2084,Shintaro Shimosawa,29
2085,Shona Auerbach,11
2086,Shyam Madiraju,0
2087,Siddharth Anand,5
2088,Siddiq Barmak,6
2089,Sidney J. Furie,22
2090,Sidney Lumet,0
2091,Simeon Rice,6
2092,Simon Curtis,64
2093,Simon Napier-Bell,0
2094,Simon Wells,25
2095,Simon West,165
2096,Simon Wincer,23
2097,Simon Yin,0
2098,Sngmoo Lee,19
2099,Sofia Coppola,0
2100,Sol Tryon,0
2101,Spencer Susser,58
2102,Spike Jonze,0
2103,Spike Lee,0
2104,S.R. Bindler,0
2105,S.S. Rajamouli,50
2106,Stacy Peralta,147
2107,Stanley Donen,134
2108,Stanley Kramer,176
2109,Stanley Kubrick,0
2110,Stanley Tong,7
2111,Stanton Barrett,20
2112,Stefan C. Schaefer,0
2113,Stefan Ruzowitzky,24
2114,Stefan Schwartz,13
2115,Stefen Fangmeier,14
2116,Stéphane Aubier,2
2117,Stephan Elliott,11
2118,Stephen Carpenter,12
2119,Stephen Chbosky,139
2120,Stephen Chow,0
2121,Stephen Daldry,335
2122,Stephen Frears,350
2123,Stephen Gaghan,79
2124,Stephen Herek,65
2125,Stephen Hillenburg,47
2126,Stephen Hopkins,81
2127,Stephen J. Anderson,15
2128,Stephen Kay,19
2129,Stephen Kijak,3
2130,Stephen Langford,7
2131,Stephen Milburn Anderson,0
2132,Stephen Norrington,45
2133,Stephen Sommers,208
2134,Sterling Van Wagenen,0
2135,Stevan Mena,25
2136,Steve Antin,59
2137,Steve Barron,48
2138,Steve Beck,17
2139,Steve Bendelack,68
2140,Steve Box,9
2141,Steve Boyum,9
2142,Steve Buscemi,12000
2143,Steve Carr,41
2144,Steve Carver,8
2145,Steve Gomer,9
2146,Steve Hickner,58
2147,Steve James,23
2148,Steve Martino,20
2149,Steve McQueen,0
2150,Steve Miner,49
2151,Steven Brill,65
2152,Steven E. de Souza,133
2153,Steven Quale,77
2154,Steven R. Monroe,68
2155,Steven Seagal,0
2156,Steven Shainberg,30
2157,Steven Soderbergh,0
2158,Steven Spielberg,14000
2159,Steven Zaillian,234
2160,Steve Oedekerk,176
2161,Steve Pink,38
2162,Steve Rash,15
2163,Steve Taylor,14
2164,Steve Trenbirth,0
2165,Stewart Hendler,10
2166,Stewart Raffill,12
2167,Stig Bergqvist,0
2168,Stiles White,10
2169,Stuart Baird,53
2170,Stuart Beattie,72
2171,Stuart Gillard,8
2172,Stuart Gordon,216
2173,Stuart Hazeldine,17
2174,Sue Corcoran,14
2175,Susanna White,24
2176,Susanne Bier,369
2177,Susan Seidelman,39
2178,Susan Stroman,38
2179,Sut Jhally,3
2180,Sydney Pollack,521
2181,Sylvain Chomet,162
2182,Sylvain White,41
2183,Sylvester Stallone,13000
2184,Sylvio Tabet,0
2185,Tadeo Garcia,5
2186,Taedong Park,0
2187,Takao Okawara,2
2188,Takashi Shimizu,70
2189,Takashi Yamazaki,7
2190,Takeshi Kitano,0
2191,Tamara Jenkins,84
2192,Tamra Davis,33
2193,Tanner Beard,531
2194,Tara Subkoff,37
2195,Tarsem Singh,763
2196,Tate Taylor,150
2197,Tay Garnett,10
2198,Taylor Hackford,138
2199,Ted Demme,47
2200,Teddy Chan,3
2201,Ted Kotcheff,270
2202,Ted Post,57
2203,Terence Davies,25
2204,Terence Young,92
2205,Terrence Malick,0
2206,Terron R. Parsons,9
2207,Terry George,83
2208,Terry Gilliam,0
2209,Terry Zwigoff,72
2210,Thaddeus O'Sullivan,5
2211,Thea Sharrock,17
2212,Theodore Melfi,51
2213,Theodore Witcher,28
2214,Thomas Bezucha,15
2215,Thomas Carter,49
2216,Thomas Lilti,12
2217,Thomas L. Phillips,120
2218,Thomas Vinterberg,346
2219,Thorbjørn Christoffersen,0
2220,Thor Freudenthal,87
2221,Tim Blake Nelson,596
2222,Tim Boxell,10
2223,Tim Burton,13000
2224,Tim Chambers,2
2225,Tim Fywell,3
2226,Tim Heidecker,78
2227,Tim Hill,25
2228,Tim Hunter,28
2229,Tim Johnson,12
2230,Tim McCanlies,23
2231,Tim Miller,84
2232,Timothy Björklund,0
2233,Timothy Hines,0
2234,Timothy Woodward Jr.,764
2235,Tim Robbins,0
2236,Tim Story,167
2237,Timur Bekmambetov,335
2238,Tina Gordon Chism,24
2239,Ti West,243
2240,Tobe Hooper,365
2241,Todd Field,143
2242,Todd Graff,650
2243,Todd Haynes,162
2244,Todd Lincoln,57
2245,Todd Phillips,480
2246,Todd Solondz,377
2247,Todd Strauss-Schulson,12
2248,Tod Williams,21
2249,Tomas Alfredson,140
2250,Tom Brady,105
2251,Tom Dey,9
2252,Tom DiCillo,32
2253,Tom Elkins,14
2254,Tom Ford,192
2255,Tom Gormican,19
2256,Tom Green,374
2257,Tom Hanks,15000
2258,Tom Holland,85
2259,Tom Hooper,0
2260,Tom Kalin,4
2261,Tom McCarthy,310
2262,Tom McGrath,96
2263,Tom McLoughlin,41
2264,Tomm Moore,45
2265,Tommy Lee Jones,0
2266,Tommy Lee Wallace,24
2267,Tommy O'Haver,13
2268,Tommy Oliver,66
2269,Tommy Wirkola,75
2270,Tom Putnam,15
2271,Tom Reeve,0
2272,Tom Sanchez,0
2273,Tom Schulman,45
2274,Tom Seidman,3
2275,Tom Shadyac,293
2276,Tom Tykwer,670
2277,Tom Vaughan,12
2278,Tom Walsh,2
2279,Tony Bancroft,7
2280,Tony Bill,23
2281,Tony Giglio,6
2282,Tony Gilroy,209
2283,Tony Goldwyn,956
2284,Tony Jaa,0
2285,Tony Kaye,194
2286,Tony Krantz,15
2287,Tony Maylam,6
2288,Tony Richardson,62
2289,Tony Scott,12000
2290,Tran Anh Hung,157
2291,Travis Cluff,3
2292,Travis Legge,138
2293,Travis Romero,4
2294,Travis Zariwny,4
2295,Trent Cooper,0
2296,Trey Parker,406
2297,Troy Duffy,78
2298,Troy Miller,14
2299,Troy Nixey,24
2300,Tuck Tucker,14
2301,Tung-Shing Yee,3
2302,Tyler Oliver,0
2303,Tyler Perry,0
2304,Udayan Prasad,4
2305,Uli Edel,34
2306,Ulu Grosbard,22
2307,U. Roberto Romano,6
2308,Uwe Boll,892
2309,Vadim Perelman,26
2310,Valentine,0
2311,Valeri Milev,6
2312,Vera Farmiga,0
2313,Vic Armstrong,179
2314,Vicente Amorim,6
2315,Vicky Jenson,96
2316,Vicky Jewson,3
2317,Vic Sarin,24
2318,Victor Fleming,149
2319,Victor Nunez,9
2320,Victor Salva,108
2321,Vidhu Vinod Chopra,34
2322,Vijay Chandar,0
2323,Vincente Minnelli,136
2324,Vincent Gallo,787
2325,Vincent Paronnaud,10
2326,Vincent Ward,25
2327,Vincenzo Natali,165
2328,Vipul Amrutlal Shah,11
2329,Vivek Agnihotri,5
2330,Vladlen Barbe,0
2331,Vondie Curtis-Hall,170
2332,Wade Gasque,0
2333,Wajahat Rauf,3
2334,Wallace Wolodarsky,32
2335,Wally Pfister,0
2336,Walt Becker,12
2337,Walter Hill,394
2338,Walter Lang,9
2339,Walter Murch,181
2340,Walter Salles,179
2341,Ward Roberts,12
2342,Warren Beatty,631
2343,Warren P. Sonoda,28
2344,Warren Sheppard,0
2345,Wayne Beach,7
2346,Wayne Kramer,47
2347,Wayne Thornley,0
2348,Wayne Wang,61
2349,W.D. Hogan,4
2350,Werner Herzog,0
2351,Wes Anderson,0
2352,Wes Ball,47
2353,Wes Craven,0
2354,Whit Stillman,89
2355,Willard Huyck,8
2356,Will Canon,8
2357,Will Finn,6
2358,Will Gluck,87
2359,William A. Fraker,28
2360,William A. Graham,8
2361,William Arntz,0
2362,William Bindley,4
2363,William Brent Bell,19
2364,William Cottrell,0
2365,William Dear,50
2366,William Eubank,18
2367,William Friedkin,607
2368,William Gazecki,3
2369,William H. Macy,0
2370,William Kaufman,58
2371,William Malone,37
2372,William Phillips,3
2373,William Sachs,14
2374,William Shatner,0
2375,William Wyler,355
2376,Wil Shriner,6
2377,Wilson Yip,25
2378,Wolfgang Becker,31
2379,Wolfgang Petersen,249
2380,Woody Allen,11000
2381,Woo-Suk Kang,0
2382,Wych Kaosayananda,8
2383,Xavier Beauvois,22
2384,Xavier Gens,87
2385,Yarrow Cheney,11
2386,Yash Chopra,147
2387,Yimou Zhang,611
2388,Yorgos Lanthimos,252
2389,Youssef Delara,8
2390,Yuefeng Song,0
2391,Zach Braff,0
2392,Zach Cregger,138
2393,Zackary Adler,0
2394,Zack Snyder,0
2395,Zack Ward,662
2396,Zak Penn,87
2397,Zal Batmanglij,129
2398,Zoran Lisinac,0
